{
    "display": {
        "icon": {
            "id": "minecraft:stone_bricks"
        },
        "title": {
            "translate": "Towers of the Wild: Reworked"
        },
        "description": {
            "translate": "Are you able to climb all Towers?"
        },
        "frame": "goal",
        "show_toast": false,
        "announce_to_chat": false,
        "hidden": false,
        "background": "minecraft:textures/gui/advancements/backgrounds/adventure.png"
    },
    "criteria": {
        "sample_trigger": {
            "trigger": "minecraft:inventory_changed",
            "conditions": {
                "items": [
                    {
                        "items": "minecraft:crafting_table"
                    }
                ]
            }
        }
    },
    "requirements": [
        [ "sample_trigger" ]
    ]
}
